-0.13514650123163183,-0.17940176455333484,0
-0.32340365337380417,-0.3958775939116104,0
-0.35469193672856536,-0.5912984584441054,0
-0.5822363112192434,0.33230935781315285,0
-0.3575930880887522,0.23311160994665425,0
-0.12696973700010505,-0.029931819562280026,0
-1.1215221117857364,0.04036413379907319,0
-0.1965282627263374,0.10419273431092244,0
-0.5402917629007018,0.054895366591882676,0
-0.35376603283190433,-0.26660295101346176,0
-0.35416322254527555,-0.4106105634745572,0
-0.4588264518316434,-0.6111545691755667,0
-0.49720863619363065,-0.3781307385046515,0
-1.3147471027224347,-0.7990094537987631,0
-1.4951118043375116,-0.5747419905537665,0
-1.5188191801431026,-0.6172891590806122,0
-1.5275341560145463,-0.44378771262352124,0
-0.5633399551908157,-0.7069895305338751,0
-0.8223066344772423,-1.1450764791467516,0
-0.5240917074129584,-1.3573006046667981,0
-0.9005011404680449,-1.8777438732480252,0
-0.972925969420052,-1.9119940686920385,0
-1.327059400103727,-1.7133861668324148,0
-1.1553770592348165,-1.6043654868967512,0
-1.9686045363992006,-1.6312333065433382,0
-2.3611886096066574,-1.4615445678926087,0
-1.4025971841560554,-1.4216522906248557,0
-1.6315636909734779,-2.210258336082362,0
-0.8131807811343142,-2.7584265492639393,0
-0.7719740161999136,-2.492890493857494,0
-0.7766164749277756,-3.486441458071527,0
0.14803116781623926,-3.8550417434089637,0
-0.5724244774223475,-3.689747237378293,0
-1.2830931844529476,-4.38995871910352,0
-0.3282770023789702,-4.1361653067185316,0
0.6515135290448928,-4.066843084188894,0
0.3385022715713923,-4.095158245799526,0
-0.08892258641492828,-4.087073619532524,0
0.7542139504613232,-4.137762248387608,0
1.535325083765261,-4.213838006706818,0
2.518025613039196,-4.275703085700013,0
1.5203394031792588,-4.25810526641415,0
2.5050424627938765,-4.176715092083978,0
1.5121809681208949,-4.276496857475165,0
0.6868451299091604,-4.082881208825097,0
1.466626453282175,-4.120298709873248,0
2.083371555598272,-3.8941614221624463,0
3.0751858238487215,-3.795574863698816,0
3.9479820155139778,-3.935953387165084,0
3.6317165603150214,-3.5565366707406145,0
4.476679707415688,-3.7125424918960714,0
5.149163069371761,-3.2755630509313383,0
5.677659785267651,-2.69892585622448,0
5.449827544914538,-3.5314145945008777,0
4.69488525397072,-3.5589850015851483,0
5.516591958955056,-3.5672941752454417,0
6.102929248270749,-3.7245639844096634,0
6.730016901806993,-3.0063699417501164,0
7.618515223331309,-2.5476374109487274,0
8.379177631858648,-2.9076092371065743,0
9.166420503603382,-2.30410017901108,0
9.85049642325959,-2.1902888402543415,0
10.796958687669063,-1.892045831415114,0
11.590872739158794,-1.530019423854895,0
11.011426017372084,-2.1616330723558104,0
10.095773580783124,-2.281916844101839,0
10.937384072095199,-1.9070801287534853,0
11.463198599476769,-2.1213212860869777,0
12.096370956849285,-2.8950845446875064,0
12.777705364595334,-2.2178497139704083,0
13.64611028205605,-2.094719031172621,0
13.924626446717436,-3.0479257208573047,0
14.729443271701859,-3.161725443299385,0
14.46029720377473,-3.18222694581103,0
14.914727657223631,-2.6139654686061937,0
13.932840313976138,-2.801962749405545,0
13.067047347877821,-3.2878214480130596,0
13.004781674487463,-2.4436887923214328,0
13.647354584619018,-2.4428606939033264,0
14.385488820521257,-1.8055806206453717,0
13.926211005270638,-0.9349318988911254,0
13.119984787803727,-1.374029457404417,0
12.382886798156704,-1.8624969234285582,0
12.596025987409586,-2.471595731988046,0
13.41396733786055,-2.092769541946918,0
14.230508897001428,-2.0182455864557185,0
13.35659771427034,-2.3262353822136133,0
12.52536537053933,-2.8663257136622997,0
11.54898043051708,-2.727150165174336,0
12.456509643211277,-2.658287552327625,0
13.225857683053917,-2.5698163730699233,0
12.612309891920795,-2.6661407429720336,0
11.977084731788624,-2.8978357016546434,0
12.246381565801213,-2.296320148883808,0
13.139799803750094,-1.9954269198537165,0
13.861066905277866,-1.5284792354722425,0
13.044504245156332,-1.9156303707292455,0
12.290995954187466,-2.077095666402553,0
13.02964026089318,-1.4878275839645263,0
12.135147839201426,-1.6035270980528475,0
12.394043648467635,-2.554672039433796,0
13.137450761630895,-1.9540758883237288,0
12.863684253718338,-2.8265720706256277,0
12.062354093540227,-3.0405864456674006,0
11.719445797781285,-2.777999857157098,0
11.081865880348383,-2.705228532195816,0
11.865856039072202,-2.887637363695662,0
12.111932713998279,-3.7907636396634983,0
11.17998369757932,-3.9035037343754215,0
10.485689259704614,-3.7425019473519967,0
11.34196517039891,-3.6799102412164024,0
10.704205583031111,-3.1600738951018497,0
11.631691054155151,-3.177654970453045,0
12.594741289148269,-2.9937975285778093,0
13.185990730792508,-3.053677780866301,0
12.22749888443645,-3.3327860290696356,0
12.800708478235068,-2.5134157846463294,0
13.568423449636425,-2.9459169569431625,0
12.828381149041475,-3.0447760456442685,0
12.669612317804948,-2.791890862978546,0
12.070729228787474,-2.046180887152928,0
11.504461922130051,-1.3316631966788237,0
11.043379338927057,-1.2415403013486717,0
11.16456339370112,-1.8495344351553467,0
12.057431592589124,-2.0651135814666928,0
11.48676628152832,-1.5691253463521317,0
11.031270902894985,-1.6934070228901823,0
10.136067726584905,-1.4080350436031313,0
10.37780295382639,-0.46615069569195355,0
9.872182226359591,-0.38561342053217096,0
9.338212968633442,0.2600992778833281,0
9.684254460264702,0.8723237761763964,0
10.179915846294856,1.584436007617702,0
9.601346139982661,2.3930811583236373,0
8.974495869549422,3.1457566864314286,0
8.612593283957732,4.070136401726204,0
9.031414554413649,3.172723041114905,0
9.778156076590683,2.7156608069169965,0
9.820668716886438,3.3630217881762063,0
10.44902656209539,3.7756068613762688,0
9.697154179688432,4.29843012598219,0
10.518555367673326,4.787957955886108,0
9.59325466064861,4.908954506089481,0
8.78352011657884,5.267430025924916,0
8.139285075138503,5.977063145829477,0
8.746760580195236,5.221089973300521,0
8.149682561960601,5.993112209654336,0
7.477884706354321,6.669144600238527,0
8.01656448791558,7.175755292846499,0
8.45421939017833,8.061959028560869,0
7.7844373582331645,7.839833444184097,0
7.435524945201628,8.744133993744,0
8.181290441080916,9.187100734180895,0
8.634824702615294,9.561430407336267,0
8.471825298579207,10.320675176191354,0
7.717171650016531,9.765868560694601,0
8.048892745180892,8.904171731717923,0
7.772531044182561,8.916887110658658,0
7.83788176049339,9.68276396449367,0
8.323246281040984,10.467260180229001,0
7.3989645710866965,10.55180271406977,0
8.273633595292623,10.6814643888296,0
8.809523311286627,11.360419726872898,0
8.85550323970224,10.552976979340647,0
8.743727175149353,11.238870583480692,0
8.48663478054565,12.002069553957917,0
8.673551612536398,12.621420107580054,0
8.936505673194658,11.80364744284185,0
8.166079205772654,11.716875986044355,0
8.953406352274328,12.106632280351324,0
9.819914495957597,11.998975981637411,0
10.24328316684366,11.184536705676202,0
10.018674746624377,10.278261775366609,0
10.069403019031665,9.339075107570498,0
10.381334444886834,10.092530061912704,0
10.316411727931596,10.99797422922876,0
10.81550557890313,11.74840928892867,0
10.613257025676164,10.982901560591927,0
11.131299057686206,11.249666692505626,0
10.615054858475089,10.937984121049569,0
9.865971382958662,11.024399787383922,0
10.108602140329516,11.871473450164933,0
10.388348265252636,11.223569287152625,0
10.613939357460852,10.416378102297834,0
10.397871251261511,9.807549374757157,0
10.46528269570536,10.561930457110781,0
10.54394401006993,11.396856325532884,0
10.26064068996335,10.614603314245016,0
9.758775745016262,10.437644270827185,0
9.616519902333154,10.173327422532648,0
9.197974605565834,10.603234120696044,0
9.841323418018913,10.444766589282015,0
10.610266979910495,10.066200869132444,0
11.607498363145341,10.05445888316815,0
12.051358819263086,10.363110215769932,0
12.273099227015976,9.506776219154107,0
12.041998067467901,8.659411206936719,0
11.582340432973227,7.8337146193597995,0
11.890030045665934,8.698994076486498,0
12.537487819604985,9.452179931006437,0
11.644854237391375,9.138125138974974,0
11.438192491737832,8.159724531766134,0
11.73242421612025,7.983695143242849,0
12.149659673512115,7.690846378390267,0
11.92455236049079,8.39525617508923,0
12.269651749560577,9.243944854821132,0
13.263280870732478,9.161808362230687,0
13.48095731595723,8.271710342724363,0
14.113421252509765,7.658784856376546,0
14.972552249384027,7.762137225851228,0
15.223204677775726,7.544347896036057,0
15.693507546700506,8.424849610571087,0
15.919664225694742,7.938412182128339,0
16.321597096308597,8.818264436513115,0
17.249145002149817,8.683272202504485,0
17.316004805627884,8.630166775083751,0
17.45786047845822,7.987971498111035,0
17.33531085076559,7.349777385843514,0
17.651100693119787,8.222823850080227,0
18.06880110922368,9.047630311775016,0
17.856035524905007,8.07091701805878,0
18.423113708600667,7.247447970799105,0
18.416212781154222,8.232741447858169,0
19.03479866646234,9.007463424259432,0
19.368740114763284,9.86735664651631,0
19.66126303239082,9.397222054578743,0
19.972718883540583,10.209419413818027,0
19.95025582405169,10.763611657161386,0
20.083039524262265,10.218564663249547,0
20.465973591216205,10.870424498698915,0
20.810954514989756,10.690114910834984,0
20.463563458934374,10.367117584479447,0
21.01969450645021,11.025493115541467,0
21.316389241176232,11.944297521214775,0
20.445058175547025,11.647091801517265,0
19.91554722668563,11.682683905297976,0
19.26208776257044,11.646829470660268,0
20.06082215255922,11.803427249794114,0
20.14161920907565,11.158547206876282,0
20.32295219666696,11.831895443044363,0
20.358386354036952,12.606371731580465,0
20.70923594203009,13.40052123398951,0
20.329218458689326,12.610646416712406,0
19.85121245797939,11.861698896002594,0
19.712213279466212,11.226147155124108,0
19.82939316804626,10.731567513521899,0
20.036706470321338,10.238129866112294,0
19.694225139625445,10.447532886556102,0
19.306825764270776,10.474575527572949,0
18.97274640867809,10.852886606643306,0
18.44044824941014,10.631550097423693,0
19.034564150089256,10.432148639278537,0
19.131491043425005,9.603935363619788,0
19.06321477833105,8.936859646107706,0
19.42648183564667,9.652973173850196,0
20.21231905100049,10.21295495235639,0
19.444167180729593,10.012063466055375,0
18.613660877003113,10.329616806788326,0
18.620014066060023,11.105767064023738,0
18.036549159874237,10.312846476099857,0
17.65093713208485,10.752484545255232,0
17.97797967320392,11.607792445572215,0
18.629421836834275,12.364184002699984,0
18.78247312222534,13.037959306217845,0
19.461200272004568,13.724974333676645,0
20.0631409958806,14.502813479313247,0
19.60637465808189,15.085885424302758,0
20.52896073096539,15.018112530543275,0
21.273504662652247,14.994855557143163,0
22.03189833896471,14.651485286322059,0
22.602523174323974,15.439138311537539,0
22.480973803697413,16.25626148122359,0
21.569753144762117,16.196440634696778,0
21.30718922898349,16.781720402588775,0
21.346270883897727,17.455927579993812,0
21.166831876190898,16.475280259017744,0
21.892441767010318,16.0333541508259,0
21.21414440270522,15.306660438376111,0
22.161578804281472,15.005682559411198,0
21.72397697629444,14.177283184808307,0
21.028584969048005,14.668143184427437,0
20.331770706318036,14.232402324381702,0
19.691240920152588,13.474214461933643,0
19.363092288223438,13.053536540407523,0
19.299206693219503,12.64361671257959,0
19.055162838559223,11.687607975157736,0
18.339616437271,11.015007888687814,0
19.20162847276471,11.489064515153338,0
19.096477069790563,10.61828747613957,0
19.620770633287123,11.465763005832724,0
18.79672170582238,11.782082375116413,0
19.46138357167388,11.056273838099699,0
19.771105904706655,11.990307721885689,0
19.050580272571292,12.279115245679733,0
18.4787660317749,11.4604989996314,0
19.198894288652816,12.082764791353366,0
19.735148329111038,12.92286947729708,0
20.376055267335722,13.559655586972776,0
20.989023419425543,13.831974222994514,0
20.85469404167129,12.841525275901576,0
20.944650103070003,13.795973263610119,0
20.252047813140198,14.263923481074823,0
20.005988691576178,14.522247073718239,0
20.582182735633598,15.153847870310791,0
21.33743748668529,15.802322359249004,0
21.785450098691026,16.56037011146183,0
21.590035717045254,17.23755967333212,0
21.15172186714415,16.368674846552633,0
21.82330386625814,17.09074785204074,0
22.2957227644877,17.462215573437135,0
22.816171963024402,18.30414741593115,0
23.598977124964623,18.77622894030231,0
23.239941050626125,19.358265372596076,0
23.142692125939632,20.028088472031786,0
23.114892357211794,19.409826291065553,0
24.082038675366586,19.66157943834463,0
24.681370388068938,20.461624764142865,0
24.943858796607113,20.73884890250879,0
25.23555277265933,20.905347220642387,0
25.601814489092135,21.77378409706307,0
25.175510876204292,22.671338086335705,0
26.01311399425283,23.14075392618056,0
25.510536854295076,23.1764374972268,0
25.814931645210116,24.056840160294904,0
26.244537094663883,23.303184673904916,0
26.953291011809107,23.80984673666683,0
26.338300874025222,24.598344284054225,0
26.54103895386786,23.945828269143753,0
26.261296308782164,23.701345756350488,0
26.793693471386852,24.524734649135013,0
27.65796877088204,24.94489321496618,0
27.769443742938382,25.142976941846754,0
27.78559299548279,24.144554636419045,0
28.56986904465081,23.620369069521818,0
27.64862228657488,23.329124032078468,0
26.785358845891754,23.282405262295526,0
25.927570203243402,22.76947923660191,0
26.790550436109317,23.16177238215778,0
27.559466934017593,23.542222658566516,0
27.307543737937575,22.649836850830557,0
27.619186392378698,23.358223190728417,0
27.688329108359483,23.97036159598684,0
26.893932456069752,23.908749525258177,0
27.32876373477161,24.595736097324277,0
27.631025108322522,24.130146137671897,0
27.119979947070586,23.732729889097545,0
27.872234471920347,24.028929519285263,0
28.637207444831102,24.197793230306328,0
29.33613509483375,24.716530785335586,0
29.066908534960906,23.950165297254298,0
29.061948497433267,23.673125824094242,0
28.462662092900118,22.878519975918007,0
29.21029531515157,23.51855974896712,0
29.62582213917244,24.419449927227227,0
28.766487607168784,24.83450846680136,0
28.553265465789213,23.92552925636855,0
29.0857500048918,23.079111055311166,0
29.44002416144963,23.306622243088654,0
29.353726348401953,22.31947519467727,0
28.935242827880273,21.582982062195875,0
28.574821475393527,21.245475867225636,0
29.56670030027741,21.30808284456326,0
29.012429515623676,21.857328525106194,0
28.24645641341232,21.54009181282462,0
27.564959032962168,20.899996702326472,0
28.28766446861114,20.884046658617297,0
28.798995878512084,21.74329102152941,0
29.49880864197407,21.888795850167746,0
28.982736800871443,22.735379951983294,0
28.292780355446084,22.666824560471166,0
27.721770959327774,23.486890117441238,0
28.548952099223886,24.01786652828336,0
28.347873649841684,24.997353462822527,0
28.55734198859452,24.666496454270945,0
28.654174717072532,24.13430997287737,0
29.318293370132384,24.508691518365914,0
30.238164152821074,24.486065978357814,0
30.48268255161778,24.323904025888865,0
29.932568864537366,24.774672211898515,0
29.396908398689554,25.177756937159888,0
29.69730989208913,24.260939974429274,0
30.537800645675745,24.284808530625714,0
29.989300126472493,23.556808317088695,0
29.330992925863317,23.265180111695376,0
28.628030715192672,23.940071920258124,0
29.57362197281064,24.140990825453454,0
29.2016647088509,23.36924993555654,0
29.999277253679814,23.97149458624158,0
29.254519863413815,24.02152395875733,0
29.590625967408826,23.72017542222657,0
30.486954520941236,23.38700992772657,0
30.66113742734609,23.759446825793756,0
29.752297888324787,23.577267477159904,0
30.335407816255927,22.885246759103094,0
30.37917699954842,23.030395572509114,0
31.24680335242313,22.54892220319911,0
31.548043205922344,22.215114959515383,0
31.95602141324591,21.769432474935297,0
32.29340744520851,22.029847012778063,0
31.944430582879033,21.573486643087346,0
32.93772577408784,21.599050687501474,0
32.924875645892264,21.376814671777474,0
32.76815000680931,21.75058227471817,0
31.9945160625259,21.4725900822986,0
32.14801047468074,20.707052031605876,0
31.41541783657251,20.791381953198087,0
31.062064013207042,20.94357859125023,0
31.86741600604089,20.39241880550303,0
31.26202112860105,20.650413373034493,0
31.154434727410145,21.280480203817916,0
30.604923796728862,21.063094588832865,0
30.80214491897698,20.57865138052184,0
31.75504694971125,20.80916795623448,0
31.24534508986778,21.27088256848166,0
31.5016383897264,22.235206920189945,0
30.882184743864418,22.756120583236775,0
31.724222477755774,22.37115319265269,0
32.62594954886928,22.106354129199552,0
32.84683002121338,22.46700594546267,0
31.990249108423587,22.197303148889056,0
31.548292815144162,22.75369434132234,0
31.977183556582222,22.267508678638993,0
31.742656945763375,21.593938253957614,0
31.201328650783132,21.95792161138439,0
30.849560246935916,21.955565694090076,0
30.465393901189817,22.661654698407563,0
31.38106491849183,22.263845052549048,0
30.446918996213544,22.18485490533734,0
30.096270050455285,23.059435624919693,0
30.630969724399996,23.89220489119573,0
30.58774678184318,24.368499165740015,0
29.643457445788442,24.050556620588413,0
29.35669119335172,24.994004019055915,0
29.155858879418044,25.338999126617367,0
29.881317750107463,24.71177822775307,0
29.121527661204397,24.876120702928347,0
28.52550202399675,24.609334327285612,0
27.893179341894253,24.73763170095878,0
28.78950748801979,24.539273594311865,0
28.568977433341104,23.640296110233617,0
28.819097243493772,23.069852819799102,0
28.197165552955116,23.34502993017826,0
27.589837728925815,23.505671637613872,0
27.98117497358162,23.51306805171688,0
27.36971308223338,22.85137966746388,0
27.095459185255827,22.390887168989007,0
27.595833208048962,22.81466696378204,0
27.809341641919364,23.154103689522948,0
27.880166913095756,23.38266311249648,0
28.026642899555416,23.905006653143115,0
27.362138842308443,23.907158247044105,0
28.126645818240398,23.691108434339192,0
27.17046438865204,23.88280919637719,0
26.361527701255255,23.830852394551247,0
25.70882169602634,23.891426633357316,0
26.65585106321536,23.841872572599023,0
26.84446215643147,24.784474025306572,0
26.38492804927391,25.64228901671262,0
26.92439474836788,25.456587102972723,0
27.269263904000383,26.029641549148852,0
26.569135805321373,25.867560210155993,0
26.451778892459938,25.136862555993467,0
27.214764869334807,24.53534070454218,0
26.63223419835901,24.753236399670637,0
26.272144119460485,24.929374262970395,0
27.121934801894028,24.66320818921869,0
26.220524820704785,24.578372541193286,0
26.113724763639055,25.358752797151205,0
26.81786429497149,25.747540875648454,0
27.255120455990554,25.830022967074278,0
27.925835212699816,25.717162984744267,0
27.917694614452422,24.767161110472223,0
28.70559716622358,24.55490940164259,0
29.583784412498638,24.28179105070306,0
29.68211081975147,25.255884462067044,0
28.825001107787948,25.414475458273266,0
29.086012215167163,24.493318141983774,0
29.042383914390268,24.439958299640853,0
28.667846117947036,24.339662132281372,0
28.881578461923883,24.178027897878067,0
28.076622310404147,24.09018725186653,0
27.385042476240912,24.242765951785273,0
27.862518976894506,25.091773387403247,0
28.37405014631754,25.473427057192698,0
28.356551938410252,24.71247767329817,0
28.285251534447713,25.085699258667454,0
29.023435201185222,25.338099684725186,0
29.224522652648794,24.584740485400335,0
30.0637985227859,24.130203988845853,0
29.88721639587459,23.15818682213001,0
29.009970868390212,22.842905281686306,0
29.38655979807564,22.793058591258045,0
28.51196474253612,22.650261251460602,0
28.349624314190894,22.202564613110507,0
27.496472224161383,21.786579235311333,0
28.166629867633752,21.1925216845243,0
28.005354075917385,20.616577912702674,0
27.48754476274158,20.600756743693726,0
28.1621394974285,20.681415707111633,0
27.54580280220229,20.73834838244826,0
27.949302648875204,20.829339006232452,0
28.754658685486238,20.951799548697203,0
29.122256159353334,21.426806392397346,0
28.421234624290026,21.245731699209703,0
29.140835013919656,20.59500371237517,0
28.701618561845486,19.7120040764286,0
27.75300088905771,19.397908201030713,0
27.597747856429933,20.1349942092448,0
27.864234790091785,19.485074045075283,0
27.194356248852813,19.693128295916072,0
26.557917308587133,19.383458766515307,0
27.291902987585235,18.80294594046001,0
27.41309908512775,18.035248753080094,0
26.80318447243397,18.52284442987635,0
25.85259863768271,18.832067699712987,0
25.911813585200754,18.07016211691075,0
25.284233539267195,17.563868959036483,0
24.559289744968908,17.271384186978082,0
24.513003406173492,16.415208699772126,0
23.57696598759646,16.245521709198176,0
23.541306487258993,16.145147088329267,0
23.665271257910913,16.01233199405544,0
23.864626798886082,16.26619054662982,0
22.870101099098523,16.31453005152879,0
23.65339923977208,16.405628533972223,0
22.687405127432363,16.14813090612562,0
23.054671220256118,15.63587874568615,0
22.46301661322191,15.278033237255432,0
21.69009877624639,14.666369715891435,0
22.315108727974383,14.813098211361737,0
22.578694101799986,15.768838013898707,0
21.68101646528765,15.456328536515192,0
21.52361032173042,16.314782769930893,0
22.47561933497505,16.507789871564757,0
22.724222543146315,17.425087221104512,0
22.856082976680685,18.158466254723486,0
22.02389046812946,17.60788161642742,0
21.954191802406775,17.759535438706447,0
21.30004539155487,17.00750901057909,0
21.90266384232856,17.768473275832438,0
21.51252792891298,18.364385935421204,0
21.754487159476724,19.323932915231516,0
21.79771401455097,18.325305750508964,0
21.73830894822134,17.53781325896932,0
22.52416060045014,18.08014616136035,0
22.899154389132736,18.998266891247535,0
22.480470915729267,18.16387221493085,0
21.70067065473101,18.652685359617955,0
22.666400752242296,18.396362425788364,0
23.121464859587658,18.39979805049125,0
23.173237999738014,19.359774899454255,0
23.10227287262151,19.948346767106013,0
22.940530465739993,20.494540897979377,0
22.09162941653932,19.982192080101203,0
21.17922169433336,20.213021399977663,0
20.870689057336236,19.357395570612024,0
20.340999662276108,18.509213845219012,0
20.73439662264824,18.796526815509377,0
20.71837292673205,17.86521317873571,0
19.84827839298828,18.178009772166025,0
19.507892292784355,17.89769188433876,0
18.614944848617576,17.766440242236776,0
18.581792691592874,16.999365413978076,0
19.156258527105816,17.73903190812884,0
19.714417305551645,17.43816114744075,0
20.178515193336967,16.863949129679202,0
20.332542552609503,16.327393293236963,0
20.641829101818622,17.193902375724022,0
19.87285367883575,16.561529998080417,0
20.459616320643406,15.943132774474709,0
19.841564776349138,15.213835523288493,0
19.93897256346418,14.25444100397699,0
20.12301552023459,15.095022211260812,0
19.798981845376318,14.880137255207718,0
19.862186840286682,15.772372970190078,0
19.39311277466214,16.639171770421356,0
18.79469164418092,15.84276534668111,0
19.283144423512645,16.61947361757796,0
20.15853406767938,16.80624182351907,0
21.05356263426311,16.449651728672798,0
20.688654238328215,16.60677048780861,0
21.49377619991597,17.14204251225421,0
20.910674641184894,16.43426544295262,0
21.56815612266978,16.161567698051645,0
22.552490120370344,16.30263076354011,0
22.5097783730287,17.094175174232706,0
22.062932656060795,16.511243354893328,0
23.01155337212839,16.675800895812912,0
22.828281765275026,17.40604141110351,0
23.66934292078153,17.92684809648351,0
24.074059745900264,18.078659859312754,0
23.38239684990851,17.507447923964577,0
24.096633371631693,18.091423134329695,0
24.617352356805267,18.715241173966483,0
23.74599957684019,19.14345271277068,0
23.611629568968922,19.577825479468302,0
24.498341416547333,20.037165547703438,0
24.530098210887726,20.49874579765666,0
25.31115950286111,20.441398241905617,0
25.385792530709164,20.637929540812912,0
24.569988911606057,20.139497578413337,0
25.133087888676307,20.432460724408042,0
24.99405864435981,20.998793654190948,0
24.840273557794436,21.725820123619467,0
24.816981088415236,20.94853458444466,0
24.14364995658034,21.359178485926495,0
23.4179907035392,20.943192622295825,0
24.279782184931143,20.91691771924474,0
23.317955327839666,21.039288069950768,0
23.10560754183792,20.405265803517114,0
23.951583259900914,20.896963517015752,0
23.823559048122135,20.944793308272928,0
24.16646500281499,21.656723084364444,0
23.89354606532939,22.214253585305627,0
23.688097249352627,21.944912817137908,0
23.340823697350444,22.586333457360002,0
23.446292052055345,23.14546029161823,0
24.406887301471972,23.347420244147987,0
24.086292835887974,23.76624919212699,0
23.3152182313411,23.508185887051283,0
24.003723693212553,23.516824453066768,0
24.178147287979133,24.127567642069437,0
23.569097516614274,23.748653764192433,0
22.85850834936104,23.85070873330719,0
23.530775384057602,23.219003452821152,0
22.54242234147893,23.29916496263484,0
23.433221240054873,23.565445238774732,0
24.190570280632674,24.173690762422513,0
24.621133639687358,24.957629080759162,0
24.59588738600855,24.24033478454517,0
24.09013992930255,24.323680261273413,0
24.26843749947358,25.300192900363026,0
23.969021232314326,24.632497619334735,0
23.91372849593454,24.095734351554075,0
22.990901737897246,24.387510014593023,0
23.155929570023687,23.875752839979548,0
22.785560355550825,24.22316431446222,0
22.10076239043749,24.14826152762567,0
21.89120311966695,23.543607955389493,0
21.461721775011036,22.838412644283206,0
20.924089481099504,22.142419795146957,0
21.36907728720214,22.863210603141923,0
21.610046586224467,23.548800123191732,0
21.42001369054355,22.82583371692729,0
22.286186736043515,22.697013494560984,0
23.176857500047934,22.595109839086028,0
22.9891325166033,22.84247100832029,0
22.373264935640186,22.73998182164471,0
23.0588227401537,22.565959916723223,0
23.859922242828286,22.41114709799322,0
23.26982735051076,22.31364268056184,0
23.314031335848806,22.560936577952376,0
23.414480803062872,23.112787264492393,0
23.144039356648015,22.55297456063872,0
22.4323386873922,22.69409645775726,0
23.05595079680366,23.359502296214135,0
23.797353309728358,23.972448620404496,0
23.036121926330996,24.003577971330284,0
22.239545623741744,23.861166222225762,0
21.639474361738426,23.359909659954766,0
21.012373311568908,22.744908949526515,0
21.249064513099437,23.318208334449196,0
21.28771681797932,23.871340444190896,0
21.206486079015384,24.271063188575084,0
20.60735945460765,23.628872817364453,0
20.745032394076656,23.176021404093124,0
21.035445916643553,22.738959395338384,0
21.404224761861293,23.329453843963254,0
22.16161851918538,22.71181584286255,0
21.550001468105314,22.122778793235437,0
20.701156286401996,22.16888692875584,0
20.54748727760291,22.51142562733816,0
20.789546873642802,23.087775450159803,0
21.32679490185616,22.246694348849832,0
21.764002119374663,21.627575536776114,0
20.957689734908787,21.795553686648674,0
20.139459773357903,21.570754132059115,0
19.403484460897985,21.661258586910233,0
19.390834996644273,21.121312756697243,0
18.700643515160024,20.497720125699484,0
18.16365414468816,19.873421652054084,0
19.140733203064315,19.802067733872068,0
19.11986069992348,20.3913045050182,0
19.489743326083367,21.00190232472645,0
19.241721114924548,21.64222619493132,0
19.290174778220408,20.90460961711635,0
19.85685418536617,20.817217289691538,0
19.13914625240547,20.58401855281503,0
18.60107130099086,20.240268708462533,0
17.77029864215378,19.925117670798635,0
18.366389948562418,20.49812037000944,0
17.3889116259384,20.335912474610904,0
18.334128634610163,20.013795652301617,0
17.422390021286258,20.231392808009076,0
16.595943651599043,20.294211737894873,0
15.96401171056448,19.707621043169343,0
15.18298509440812,19.08370052109229,0
14.864675344057968,18.40171852323306,0
14.58422515044911,17.693535593818456,0
14.885060183532978,18.307339045920102,0
15.11263998817048,18.89148446446419,0
15.605204746196993,19.760596573019996,0
15.904637816806138,20.30417744710876,0
16.46750627465713,19.6838639980488,0
15.599733075926398,19.243656870564465,0
15.982931214086893,18.84507103296283,0
16.944761649752234,18.64461707616193,0
17.800057410167323,19.072881218236553,0
17.033785620915435,18.50560416343089,0
17.430622339193487,19.18858961571483,0
17.82978264437752,19.491885712110417,0
17.012264428593262,20.01831641795643,0
16.342070000600533,20.25390795772865,0
15.749002197056253,19.599002848921742,0
16.710343119623843,19.358489606824403,0
15.93446959891518,19.359652508117424,0
15.749134584473612,18.965309159935753,0
15.223188542543806,18.590681274396953,0
14.35104115397777,18.75856225376706,0
13.8429948057408,18.13180421778257,0
12.978201150191843,17.734318412066102,0
12.189476281593668,17.129156422273095,0
12.539748970361853,17.833550880969025,0
13.389738698607882,17.826901714371292,0
13.521008006307458,18.467760747654467,0
14.28208090654981,19.11348106406537,0
14.806960645930658,19.1910091822823,0
13.931275643626526,18.733153281138556,0
13.230272201318366,18.04401742716579,0
13.954784748804903,18.3526479440785,0
13.60112217344427,19.064909489719717,0
14.335913318651127,19.5428989556018,0
14.973674050605009,19.537638844328384,0
14.120632915178906,19.398644234303454,0
13.474001777056506,19.929305297607545,0
14.408913007005724,19.792150326050802,0
13.43543013169921,19.7545484005316,0
12.58379730784355,19.298965999983643,0
11.62323413220888,19.433547830205658,0
11.199685712159187,19.681599766687995,0
11.869219359651433,19.849712349521177,0
12.708316423702636,19.535963110548515,0
12.169794306718698,19.202293065894,0
13.041732450992598,19.67960747227314,0
12.112327463239513,19.313425714750903,0
12.173019622462574,19.344237159541013,0
12.421547122097143,19.209253542627344,0
13.352480570463118,19.532776496389015,0
13.74247440028031,18.9205589706592,0
14.445753657976553,19.292735477511723,0
15.253694606613607,19.06276632046109,0
16.053762418590427,19.3890745604386,0
16.273995279750952,20.30608834680207,0
16.2370746664147,19.621167362925576,0
15.467111590088468,20.16645963518362,0
15.663176054310904,20.686392616961616,0
14.982370293575347,21.36868377207514,0
14.19278388803827,21.944089685927086,0
13.813542832397944,22.315069045165103,0
13.226347356016108,21.545950842724583,0
12.675536602128748,20.78167334812399,0
11.871035650178955,21.268104012695364,0
12.049592287424295,22.020137256395657,0
12.497254216245684,22.913629497265138,0
12.967966700056834,23.721310808850312,0
13.35682181259452,24.315063337144643,0
13.35234702644941,23.578968971227713,0
13.305583052505204,22.64804479773281,0
12.311689807637226,22.69233638076524,0
11.789829609234037,22.412133505275744,0
12.159014818586348,23.29621366711167,0
12.38268685998603,23.185825587477574,0
12.646910353790005,22.932738157441264,0
13.206003511611609,23.6263305959718,0
13.688040157462021,22.752089243942013,0
13.359760082101836,23.397372396697723,0
13.35268977239551,24.07153206630491,0
13.577255937883184,24.913490182290346,0
12.85564477603071,24.40409458480501,0
11.959771264328506,24.054368795473238,0
11.095225450763042,23.656895182707594,0
10.429432698849213,22.930313123941517,0
9.885022394363778,22.172639608770872,0
10.307214547660443,21.651646096474384,0
10.87640405753688,22.32742218851357,0
9.990566912950102,21.885581552286528,0
9.262945145960295,22.013970067887644,0
8.359493681774259,22.12305090521176,0
7.9667146875692145,21.22303813983887,0
7.304283491672561,20.495710995881353,0
8.090893283451189,21.10778383462182,0
7.2234914138523285,20.82387274483629,0
7.951287569287622,21.372419368913018,0
8.422028285511109,22.248251882171058,0
9.045119837646274,23.02973513251208,0
8.40626361277505,22.404552680907415,0
7.665006103919145,21.885566978661714,0
8.087498104951656,22.17564503427866,0
8.755746115702385,22.828111566360487,0
7.854203554752041,23.129402971402516,0
8.49614305675246,23.8944293947818,0
9.403811604849068,23.535728082661844,0
9.178659168096491,24.272586432215853,0
8.480936660481326,23.93226734911843,0
8.783618636662615,24.834331221067043,0
9.299204891245447,25.653330109671483,0
9.90748754415513,26.440081700264965,0
9.627404899015744,27.204527997428507,0
9.356273193922323,26.263375758432904,0
8.607599381272241,25.890188103196685,0
7.863901561345244,25.552630178467574,0
8.27407639306529,25.999481910372154,0
9.162686057663548,26.44564188096128,0
8.71559027699578,25.57364612839556,0
9.211663176926633,26.377799097809135,0
9.781403611300693,27.152219878783594,0
9.725116616012539,26.409998478356663,0
9.078983506327194,26.122321059662063,0
9.792979091269181,26.59102497525867,0
10.484448598478432,27.24379755807973,0
10.836167105966956,28.128126857028843,0
10.364776458382337,27.259331195201963,0
10.988903318388264,28.03262202225259,0
11.629683548704824,28.692247871172267,0
11.047814522769666,28.213413158120495,0
11.325853779363825,29.072489665712613,0
10.866985104006273,28.192356592156287,0
10.86459417466858,27.200115343302205,0
11.756549273671133,27.645244880081158,0
12.424048829894877,28.38454547515291,0
11.749177441222082,27.78829884198915,0
11.135526409827827,27.14584649893318,0
11.688243683847396,27.971515361393926,0
12.144154503444062,28.859959291286184,0
12.627759158958048,29.70799845358994,0
13.115704947204607,30.495702949469912,0
13.394087731984685,30.720623233351766,0
12.704853369782649,30.062975491643318,0
12.85251244228327,31.038324108988505,0
12.258345307382942,30.269903517333876,0
11.89674014555981,29.373468850908207,0
12.104400538217918,29.02315273710379,0
12.898812300702993,29.624321476453098,0
12.295705231926572,30.40171415116828,0
11.466299385979834,29.84510928174574,0
11.712504288664698,30.606236035591785,0
10.967632024398588,29.94391044149506,0
10.470568503943083,29.099637754157698,0
9.641886569482889,28.69221263001437,0
8.995955405531488,27.953462936172983,0
8.558310942303137,27.344356384093153,0
9.290054229731695,27.76057851895055,0
8.46523496770556,27.263360445714696,0
7.826147792426147,26.513424880858004,0
8.798654279898344,26.746271781313325,0
7.953308994862937,26.277988807360234,0
7.169991005613253,25.958458605100468,0
7.993497295261681,26.351674909800717,0
8.858281919241927,26.789750807759102,0
8.286084605046378,26.004082733114863,0
8.868861285323868,25.257563711916003,0
9.741159565460165,25.71615648283539,0
10.582403360852403,26.084968792486833,0
9.815971186692629,25.550151898792965,0
10.412670259430993,25.64282489386018,0
9.546284031784195,25.31277056155041,0
8.991707212555257,24.652183209524566,0
8.769976167782769,23.93103982350887,0
8.002832929398524,23.62991142019345,0
7.630761490640111,23.46478859344391,0
7.227589939163886,23.255926153034824,0
7.211636159817797,23.874983108323047,0
7.998994310773198,24.453464131006367,0
8.745286052391677,25.10478122907473,0
9.074653007450111,25.923826506257797,0
8.950112064572973,25.92379804739767,0
9.71295921644091,26.509199083793064,0
10.450352917773115,27.180313234215365,0
10.957862131613249,26.69520516361681,0
10.37469422803265,26.036734667073745,0
9.635482118337903,25.711332660047205,0
10.438706649399476,26.297665782319296,0
10.376526599518606,27.179845746583535,0
9.7628012007469,26.392692754527406,0
9.257971886665826,25.608985738795933,0
8.570021955605887,24.887018357869348,0
7.672301518269935,25.1076079758686,0
8.37249010151152,25.688722392935006,0
7.744485112063493,24.920927392462247,0
7.224949701103071,24.603341614559834,0
8.020190221392081,25.01280916942444,0
8.87879610722085,25.51742964096158,0
9.635114087586976,26.075169323397926,0
9.050550585983071,25.48045994078295,0
9.822325150009672,26.116336244299514,0
10.66015854670181,26.535827777672484,0
10.088851575506862,25.887275557273114,0
10.879910574353604,26.494725402246978,0
11.556960446710397,27.13395457875482,0
10.987759559398663,26.317819789601163,0
11.753142423541869,26.95175848866911,0
11.190071096517226,26.24701941450149,0
11.404316704028986,25.475634874921983,0
11.593996909878761,25.724771077866407,0
12.224279577730027,26.335340054219063,0
13.011227946867834,26.783358560551072,0
13.887179026664812,27.243423943426563,0
13.20247405274822,26.950596823552747,0
13.714591750537862,27.789359904134194,0
14.660565139381927,27.817022282543782,0
15.639523288003998,28.00336570114537,0
16.32715930922903,28.456534292254556,0
16.89019466179915,28.78539386435488,0
17.48972352908518,29.19040770158046,0
17.507745607335053,28.713142556414226,0
16.8445201277583,28.099599781104608,0
17.257823706349924,28.967576925073438,0
17.597511316759455,29.908099376731535,0
17.064328352902425,29.078582923674553,0
16.24511150016733,28.675578510983293,0
16.239027218387893,29.626862823087045,0
17.213293326931037,29.57867116858687,0
17.572006213267244,30.041095505865457,0
16.770138993864645,29.673263012410303,0
17.546531199042928,29.816045682132856,0
16.73586871855037,29.347816553082225,0
17.59230190477325,29.598775808010203,0
16.90159332905423,29.240883812804622,0
16.196301093107877,28.865313034463608,0
16.43115472193015,29.747095455517375,0
16.78373806491809,30.257967658968845,0
17.131308108816466,29.937122317407763,0
17.300426356283616,29.853745917143655,0
16.45645680497198,29.736178610878923,0
15.729793733119859,29.251580081452495,0
14.869142824166783,29.031805610968416,0
15.234109555560991,29.841105882361305,0
15.113837143885098,29.242573611687753,0
16.036720899113952,29.358641013665935,0
15.505260408660833,28.66187589934566,0
14.817950978849272,28.120028516321852,0
13.85815713235097,27.895049650212933,0
14.267045799757193,28.22380445052973,0
14.780666054316262,28.70552056068795,0
14.586550927240163,28.12383919445064,0
13.902895639740798,27.438416020826566,0
13.168761667479027,26.89860608150602,0
12.592685784273273,26.499613383989473,0
12.832084516293639,26.744958502160753,0
13.505989727599783,27.483082438582766,0
12.828690947940363,26.810744930480414,0
12.214473321820574,26.223632853586242,0
11.862334286425567,25.98465158089951,0
11.536102361501738,25.566678050639034,0
11.842668398747234,25.625790768033372,0
12.054566112634197,25.824567964645627,0
11.264543477558654,25.231003918951735,0
10.667323054278848,24.936412671667526,0
9.780103405829188,24.50526763697506,0
9.99881492994927,25.32648319085878,0
10.472192441715483,24.6356220735686,0
11.100390114953193,25.30987227171269,0
11.754315744718157,25.779067183636446,0
11.861591807793994,25.076315330876735,0
12.300379706299704,24.96012319119585,0
11.381827514973022,24.668118926964954,0
10.463776906526105,24.536013475085987,0
9.865285550979408,25.045238310621155,0
8.967908377005607,25.39911292786532,0
8.620604026800214,25.662412436181857,0
8.84840512952861,25.621641579064725,0
8.173081868664063,25.648945383516484,0
7.298061612825699,25.17624110587098,0
8.277727297526418,25.37623955527381,0
8.051191581369972,25.011744203445456,0
7.204358021031605,24.92074898495374,0
6.336508695714268,24.653158316472,0
6.822499588679844,25.523940008555535,0
6.2091846854351305,24.938360131616804,0
5.30053601287408,24.57507596534326,0
4.432595361168566,24.178344367061406,0
3.484861553801941,23.932897597147164,0
2.602358889626787,23.524987279732404,0
2.0046425129473597,23.095110622883357,0
2.548381251023846,23.63460222440504,0
2.4483477724206293,23.239522126429428,0
2.1883978341045993,22.92985799650075,0
1.406059971250468,22.54726516028109,0
0.5385218947778136,22.177990537661593,0
-0.19062188946250047,21.958716032068033,0
-0.20779840269175298,21.880292706418324,0
-0.09862218484117954,22.264643907407294,0
0.6467813288018197,22.667564566336857,0
0.7052387997380044,22.415762614053875,0
-0.2820692607116019,22.261501010978645,0
0.1683945668116243,22.615849720275797,0
0.49234280630227384,22.97954076628425,0
1.4828710384815746,23.115353093619333,0
2.2358536218707497,22.5275220684544,0
3.0874883763410885,23.041750478619228,0
2.651682729055447,23.336963035587466,0
3.370193805452618,23.689040843237592,0
4.143616759669728,24.15612011800466,0
4.806488908990654,24.160202832179206,0
5.417351360799926,24.428736240301202,0
5.188614728171037,23.97808231986895,0
